company,contact email	
AOSORA,contact@aosora.fr	
DIGI-BRAIN AGENCY,CONTACT@DIGIBRAINAGENCY.COM	
ETERNAL WISDOM CORPORATION,eternal.wisdom.corp@gmail.com	
CAPTIOSUS AXONS,contact@captiosusaxons.com	
NEXT STEP,contact@it-nextstep.com	
SAGEMCOM,contact@sagemcom.com	
GAIBIAN,info@gaibian.com	
ADN EXPERTISE,contact@adn-expertise.fr	
LA GRIFFE iNTERNATIONALE,mail@la-griffe.com	
WIND CONSULTING,mail@la-griffe.com	
AYMAX,contact-it@aymax.fr	
NAXXUM,contact@naxxum.com	
NEOCORTEX TECHNOLOGIES,hello@neocortex-consulting.com	
SMART SKILLS,HR@smartskills.tn	
NEOPOIS DEV,info@neopolis-dev.com	